gender,height,weight
male,42.849980,157.500553
male,49.607315,177.340407
male,56.293531,171.524640
female,48.421077,144.251986
male,46.556882,152.526206
female,68.448851,168.272968
male,70.757698,136.431469
female,58.909500,176.499753
female,76.435631,174.094104
male,45.306120,177.540920